[{"id":0,"nombre":"Todo","parent_id":0},{"id":1,"nombre":"Europa","parent_id":0},{"id":2,"nombre":"America del Norte","parent_id":0},{"id":3,"nombre":"America del Sur","parent_id":0},{"id":4,"nombre":"Asia","parent_id":0},{"id":5,"nombre":"Africa","parent_id":0},{"id":6,"nombre":"Australia","parent_id":0},{"id":7,"nombre":"Espa\u00f1a","precio":"$45000","descripcion":"VISITANDO: MADRID, SANTIAGO DE COMPOSTELA -RINLO - CABO VIDIO - LA MANJOYA - COVADONGA - CUEVAS DEL SOPLAO - SANTANDER - BILBAO - SAN SEBASTIAN.","descripcion_details":["ESPANIA A\u00e9reos ES\/FE\/ES","04 Noches de alojamiento con r\u00e9gimen seg\u00fan elecci\u00f3n.","Traslados In \/ Out","City Tour","Notas: A\u00c9REOS NETOS NO COMISONABLES.","Consulte a su ejecutivo de ventas por asistencia al viajero."],"url":"..\/..\/..\/pw2\/rodri\/images\/spain.jpg","continente":"Europa","parent_id":1,"destacado":false,"ciudades":["Andalucia","Aragon","Asturias","Baleares","Ceuta","Canarias","Cantabria","Castilla-La Mancha","Castilla y Leon","Cataluna","Comunidad Valenciana","Extremadura","Galicia","La Rioja","Madrid","Melilla","Murcia","Navarra","Pais Vasco"]},{"id":8,"nombre":"Francia","precio":"$36000","descripcion":"VISITANDO: Vancouver\/ Hope \/ Kelowna \/ Revelstoke \/ Golden \/ Columbia Ice Field \/ Canmore \/  Banff \/ Calgar. Incluye: vuelo por American Airlines (Clase turista).","descripcion_details":["FRANCIA A\u00e9reos ES\/FE\/ES","04 Noches de alojamiento con r\u00e9gimen seg\u00fan elecci\u00f3n.","Traslados In \/ Out","City Tour","Notas: A\u00c9REOS NETOS NO COMISONABLES.","Consulte a su ejecutivo de ventas por asistencia al viajero."],"url":"..\/..\/..\/pw2\/rodri\/images\/canada.jpg","continente":"Europa","parent_id":1,"destacado":true,"ciudades":["Alsace","Aquitaine","Auvergne","Basse-Normandie","Bourgogne","Bretagne","Centre","Champagne-Ardenne","Corse","Franche-Comte","Haute-Normandie","Ile-de-France","Languedoc-Roussillon","Limousin","Lorraine","Midi-Pyrenees","Nord-Pas-de-Calais","Pays de la Loire","Picardie","Poitou-Charentes","Provence-Alpes-Cote d'Azur","Rhone-Alpes"]},{"id":9,"nombre":"Italia","precio":"$36000","descripcion":"VISITANDO: Vancouver\/ Hope \/ Kelowna \/ Revelstoke \/ Golden \/ Columbia Ice Field \/ Canmore \/  Banff \/ Calgar. Incluye: vuelo por American Airlines (Clase turista).","descripcion_details":["Italia A\u00e9reos ES\/FE\/ES","04 Noches de alojamiento con r\u00e9gimen seg\u00fan elecci\u00f3n.","Traslados In \/ Out","City Tour","Notas: A\u00c9REOS NETOS NO COMISONABLES.","Consulte a su ejecutivo de ventas por asistencia al viajero."],"url":"..\/..\/..\/pw2\/rodri\/images\/canada.jpg","continente":"Europa","parent_id":1,"destacado":false,"ciudades":["Abruzzo","Basilicata","Calabria","Campania","Emilia-Romagna","Friuli-Venezia Giulia","Lazio","Liguria","Lombardia","Marche","Molise","Piemonte","Puglia","Sardegna","Sicilia","Toscana","Trentino-Alto Adige","Umbria","Valle d'Aosta","Veneto"]},{"id":10,"nombre":"Alemania","precio":"$36000","descripcion":"VISITANDO: Vancouver\/ Hope \/ Kelowna \/ Revelstoke \/ Golden \/ Columbia Ice Field \/ Canmore \/  Banff \/ Calgar. Incluye: vuelo por American Airlines (Clase turista).","descripcion_details":["Alemania A\u00e9reos ES\/FE\/ES","04 Noches de alojamiento con r\u00e9gimen seg\u00fan elecci\u00f3n.","Traslados In \/ Out","City Tour","Notas: A\u00c9REOS NETOS NO COMISONABLES.","Consulte a su ejecutivo de ventas por asistencia al viajero."],"url":"..\/..\/..\/pw2\/rodri\/images\/canada.jpg","continente":"Europa","parent_id":1,"destacado":true,"ciudades":["Baden-Wuerttemberg","Bayern","Berlin","Brandenburg","Bremen","Hamburg","Hessen","Mecklenburg-Vorpommern","Niedersachsen","Nordrhein-Westfalen","Rheinland-Pfalz","Saarland","Sachsen","Sachsen-Anhalt","Schleswig-Holstein","Thueringen"]},{"id":11,"nombre":"Portugal","precio":"$36000","descripcion":"VISITANDO: Vancouver\/ Hope \/ Kelowna \/ Revelstoke \/ Golden \/ Columbia Ice Field \/ Canmore \/  Banff \/ Calgar. Incluye: vuelo por American Airlines (Clase turista).","descripcion_details":["Portugal A\u00e9reos ES\/FE\/ES","04 Noches de alojamiento con r\u00e9gimen seg\u00fan elecci\u00f3n.","Traslados In \/ Out","City Tour","Notas: A\u00c9REOS NETOS NO COMISONABLES.","Consulte a su ejecutivo de ventas por asistencia al viajero."],"url":"..\/..\/..\/pw2\/rodri\/images\/canada.jpg","continente":"Europa","parent_id":1,"destacado":false,"ciudades":["Aveiro","Acores","Beja","Braga","Braganca","Castelo Branco","Coimbra","Evora","Faro","Guarda","Leiria","Lisboa","Madeira","Portalegre","Porto","Santarem","Setubal","Viana do Castelo","Vila Real","Viseu"]},{"id":12,"nombre":"Estados Unidos","precio":"$20000","descripcion":"Visitando: Bsssoston \/ Quebec \/ Montreal \/ Ottawa \/ Toronto \/ Niagara Falls - Incluye: boleto por American Airlines. Desayunos Americanos. ALIMENTACI\u00d3N: Desayuno diario incluidos. Opcional: asistencia CORIS con seguro de cancelaci\u00f3n USD 36 por persona.","descripcion_details":["Estados Unidos A\u00e9reos ES\/FE\/ES","04 Noches de alojamiento con r\u00e9gimen seg\u00fan elecci\u00f3n.","Traslados In \/ Out","City Tour","Notas: A\u00c9REOS NETOS NO COMISONABLES.","Consulte a su ejecutivo de ventas por asistencia al viajero."],"url":"..\/..\/..\/pw2\/rodri\/images\/estadosunidos.jpg","continente":"America del Norte","parent_id":2,"destacado":true,"ciudades":["Alabama","Alaska","Arizona","Arkansas","California","Colorado","Connecticut","Delaware","District of Columbia","Florida","Georgia","Hawaii","Idaho","Illinois","Indiana","Iowa","Kansas","Kentucky","Louisiana","Maine","Maryland","Massachusetts","Michigan","Minnesota","Mississippi","Missouri","Montana","Nebraska","Nevada","New Hampshire","New Jersey","New Mexico","New York","North Carolina","North Dakota","Ohio","Oklahoma","Oregon","Pennsylvania","Rhode Island","South Carolina","South Dakota","Tennessee","Texas","Utah","Vermont","Virginia","Washington","West Virginia","Wisconsin","Wyoming"]},{"id":13,"nombre":"Canada","precio":"$20000","descripcion":"Visitando: Boston \/ Quebec \/ Montreal \/ Ottawa \/ Toronto \/ Niagara Falls - Incluye: boleto por American Airlines. Desayunos Americanos. ALIMENTACI\u00d3N: Desayuno diario incluidos. Opcional: asistencia CORIS con seguro de cancelaci\u00f3n USD 36 por persona.","descripcion_details":["Canada A\u00e9reos ES\/FE\/ES","04 Noches de alojamiento con r\u00e9gimen seg\u00fan elecci\u00f3n.","Traslados In \/ Out","City Tour","Notas: A\u00c9REOS NETOS NO COMISONABLES.","Consulte a su ejecutivo de ventas por asistencia al viajero."],"url":"..\/..\/..\/pw2\/rodri\/images\/estadosunidos.jpg","continente":"America del Norte","parent_id":2,"destacado":false,"ciudades":["Alberta","British Columbia","Manitoba","New Brunswick","Newfoundland and Labrador","Northwest Territories","Nova Scotia","Nunavut","Ontario","Prince Edward Island","Quebec","Saskatchewan","Yukon Territory"]},{"id":14,"nombre":"Mexico","precio":"$20000","descripcion":"Visitando: Boston \/ Quebec \/ Montreal \/ Ottawa \/ Toronto \/ Niagara Falls - Incluye: boleto por American Airlines. Desayunos Americanos. ALIMENTACI\u00d3N: Desayuno diario incluidos. Opcional: asistencia CORIS con seguro de cancelaci\u00f3n USD 36 por persona.","descripcion_details":["Mexico A\u00e9reos ES\/FE\/ES","04 Noches de alojamiento con r\u00e9gimen seg\u00fan elecci\u00f3n.","Traslados In \/ Out","City Tour","Notas: A\u00c9REOS NETOS NO COMISONABLES.","Consulte a su ejecutivo de ventas por asistencia al viajero."],"url":"..\/..\/..\/pw2\/rodri\/images\/estadosunidos.jpg","continente":"America del Norte","parent_id":2,"destacado":true,"ciudades":["Aguascalientes","Baja California","Baja California Sur","Campeche","Chiapas","Chihuahua","Coahuila de Zaragoza","Colima","Distrito Federal","Durango","Guanajuato","Guerrero","Hidalgo","Jalisco","Mexico","Michoacan de Ocampo","Morelos","Nayarit","Nuevo Leon","Oaxaca","Puebla","Queretaro de Arteaga","Quintana Roo","San Luis Potosi","Sinaloa","Sonora","Tabasco","Tamaulipas","Tlaxcala","Veracruz-Llave","Yucatan","Zacatecas"]},{"id":15,"nombre":"Peru","precio":"$60000","descripcion":"INCLUYE: GU\u00cdA: Operado con gu\u00eda en espa\u00f1ol e ingl\u00e9s. Pasaje (Latam Airlines).   ALOJAMIENTO: 3 noches de alojamiento en Lima. 1 noche de alojamiento en Paracas. 2 noches de alojamiento en Cusco. 1 noche de alojamiento en Aguas Calientes. ALIMENTACI\u00d3N: Desayuno diario incluidos. Opcional: asistencia CORIS con seguro de cancelaci\u00f3n USD 36 por persona.","descripcion_details":["Peru A\u00e9reos ES\/FE\/ES","04 Noches de alojamiento con r\u00e9gimen seg\u00fan elecci\u00f3n.","Traslados In \/ Out","City Tour","Notas: A\u00c9REOS NETOS NO COMISONABLES.","Consulte a su ejecutivo de ventas por asistencia al viajero."],"url":"..\/..\/..\/pw2\/rodri\/images\/peru.jpg","continente":"America del Sur","parent_id":3,"destacado":false,"ciudades":["Amazonas","Ancash","Apurimac","Arequipa","Ayacucho","Cajamarca","Callao","Cusco","Huancavelica","Huanuco","Ica","Junin","La Libertad","Lambayeque","Lima","Loreto","Madre de Dios","Moquegua","Pasco","Piura","Puno","San Martin","Tacna","Tumbes","Ucayali"]},{"id":16,"nombre":"Brasil","precio":"$60000","descripcion":"INCLUYE: GU\u00cdA: Operado con gu\u00eda en espa\u00f1ol e ingl\u00e9s. Pasaje (Latam Airlines).   ALOJAMIENTO: 3 noches de alojamiento en Lima. 1 noche de alojamiento en Paracas. 2 noches de alojamiento en Cusco. 1 noche de alojamiento en Aguas Calientes. ALIMENTACI\u00d3N: Desayuno diario incluidos. Opcional: asistencia CORIS con seguro de cancelaci\u00f3n USD 36 por persona.","descripcion_details":["Brasil A\u00e9reos ES\/FE\/ES","04 Noches de alojamiento con r\u00e9gimen seg\u00fan elecci\u00f3n.","Traslados In \/ Out","City Tour","Notas: A\u00c9REOS NETOS NO COMISONABLES.","Consulte a su ejecutivo de ventas por asistencia al viajero."],"url":"..\/..\/..\/pw2\/rodri\/images\/peru.jpg","continente":"America del Sur","parent_id":3,"destacado":true,"ciudades":["Acre","Alagoas","Amapa","Amazonas","Bahia","Ceara","Distrito Federal","Espirito Santo","Goias","Maranhao","Mato Grosso","Mato Grosso do Sul","Minas Gerais","Para","Paraiba","Parana","Pernambuco","Piaui","Rio de Janeiro","Rio Grande do Norte","Rio Grande do Sul","Rondonia","Roraima","Santa Catarina","Sao Paulo","Sergipe","Tocantins"]},{"id":17,"nombre":"Uruguay","precio":"$60000","descripcion":"INCLUYE: GU\u00cdA: Operado con gu\u00eda en espa\u00f1ol e ingl\u00e9s. Pasaje (Latam Airlines).   ALOJAMIENTO: 3 noches de alojamiento en Lima. 1 noche de alojamiento en Paracas. 2 noches de alojamiento en Cusco. 1 noche de alojamiento en Aguas Calientes. ALIMENTACI\u00d3N: Desayuno diario incluidos. Opcional: asistencia CORIS con seguro de cancelaci\u00f3n USD 36 por persona.","descripcion_details":["Uruguay A\u00e9reos ES\/FE\/ES","04 Noches de alojamiento con r\u00e9gimen seg\u00fan elecci\u00f3n.","Traslados In \/ Out","City Tour","Notas: A\u00c9REOS NETOS NO COMISONABLES.","Consulte a su ejecutivo de ventas por asistencia al viajero."],"url":"..\/..\/..\/pw2\/rodri\/images\/peru.jpg","continente":"America del Sur","parent_id":3,"destacado":false,"ciudades":["Artigas","Canelones","Cerro Largo","Colonia","Durazno","Flores","Florida","Lavalleja","Maldonado","Montevideo","Paysandu","Rio Negro","Rivera","Rocha","Salto","San Jose","Soriano","Tacuarembo","Treinta y Tres"]},{"id":18,"nombre":"Bolivia","precio":"$60000","descripcion":"INCLUYE: GU\u00cdA: Operado con gu\u00eda en espa\u00f1ol e ingl\u00e9s. Pasaje (Latam Airlines).   ALOJAMIENTO: 3 noches de alojamiento en Lima. 1 noche de alojamiento en Paracas. 2 noches de alojamiento en Cusco. 1 noche de alojamiento en Aguas Calientes. ALIMENTACI\u00d3N: Desayuno diario incluidos. Opcional: asistencia CORIS con seguro de cancelaci\u00f3n USD 36 por persona.","descripcion_details":["Bolivia A\u00e9reos ES\/FE\/ES","04 Noches de alojamiento con r\u00e9gimen seg\u00fan elecci\u00f3n.","Traslados In \/ Out","City Tour","Notas: A\u00c9REOS NETOS NO COMISONABLES.","Consulte a su ejecutivo de ventas por asistencia al viajero."],"url":"..\/..\/..\/pw2\/rodri\/images\/peru.jpg","continente":"America del Sur","parent_id":3,"destacado":true,"ciudades":["Chuquisaca","Cochabamba","Beni","La Paz","Oruro","Pando","Potosi","Santa Cruz","Tarija"]},{"id":19,"nombre":"Paraguay","precio":"$60000","descripcion":"INCLUYE: GU\u00cdA: Operado con gu\u00eda en espa\u00f1ol e ingl\u00e9s. Pasaje (Latam Airlines).   ALOJAMIENTO: 3 noches de alojamiento en Lima. 1 noche de alojamiento en Paracas. 2 noches de alojamiento en Cusco. 1 noche de alojamiento en Aguas Calientes. ALIMENTACI\u00d3N: Desayuno diario incluidos. Opcional: asistencia CORIS con seguro de cancelaci\u00f3n USD 36 por persona.","descripcion_details":["Paraguay A\u00e9reos ES\/FE\/ES","04 Noches de alojamiento con r\u00e9gimen seg\u00fan elecci\u00f3n.","Traslados In \/ Out","City Tour","Notas: A\u00c9REOS NETOS NO COMISONABLES.","Consulte a su ejecutivo de ventas por asistencia al viajero."],"url":"..\/..\/..\/pw2\/rodri\/images\/peru.jpg","continente":"America del Sur","parent_id":3,"destacado":false,"ciudades":["Alto Paraguay","Alto Parana","Amambay","Asuncion","Boqueron","Caaguazu","Caazapa","Canindeyu","Central","Concepcion","Cordillera","Guaira","Itapua","Misiones","Neembucu","Paraguari","Presidente Hayes","San Pedro"]},{"id":20,"nombre":"Argentina","precio":"$60000","descripcion":"INCLUYE: GU\u00cdA: Operado con gu\u00eda en espa\u00f1ol e ingl\u00e9s. Pasaje (Latam Airlines).   ALOJAMIENTO: 3 noches de alojamiento en Lima. 1 noche de alojamiento en Paracas. 2 noches de alojamiento en Cusco. 1 noche de alojamiento en Aguas Calientes. ALIMENTACI\u00d3N: Desayuno diario incluidos. Opcional: asistencia CORIS con seguro de cancelaci\u00f3n USD 36 por persona.","descripcion_details":["Argentina A\u00e9reos ES\/FE\/ES","04 Noches de alojamiento con r\u00e9gimen seg\u00fan elecci\u00f3n.","Traslados In \/ Out","City Tour","Notas: A\u00c9REOS NETOS NO COMISONABLES.","Consulte a su ejecutivo de ventas por asistencia al viajero."],"url":"..\/..\/..\/pw2\/rodri\/images\/peru.jpg","continente":"America del Sur","parent_id":3,"destacado":true,"ciudades":["Buenos Aires","Buenos Aires Capital","Catamarca","Chaco","Chubut","Cordoba","Corrientes","Entre Rios","Formosa","Jujuy","La Pampa","La Rioja","Mendoza","Misiones","Neuquen","Rio Negro","Salta","San Juan","San Luis","Santa Cruz","Santa Fe","Santiago del Estero","Tierra del Fuego","Tucuman"]},{"id":21,"nombre":"Chile","precio":"$60000","descripcion":"INCLUYE: GU\u00cdA: Operado con gu\u00eda en espa\u00f1ol e ingl\u00e9s. Pasaje (Latam Airlines).   ALOJAMIENTO: 3 noches de alojamiento en Lima. 1 noche de alojamiento en Paracas. 2 noches de alojamiento en Cusco. 1 noche de alojamiento en Aguas Calientes. ALIMENTACI\u00d3N: Desayuno diario incluidos. Opcional: asistencia CORIS con seguro de cancelaci\u00f3n USD 36 por persona.","descripcion_details":["Chile A\u00e9reos ES\/FE\/ES","04 Noches de alojamiento con r\u00e9gimen seg\u00fan elecci\u00f3n.","Traslados In \/ Out","City Tour","Notas: A\u00c9REOS NETOS NO COMISONABLES.","Consulte a su ejecutivo de ventas por asistencia al viajero."],"url":"..\/..\/..\/pw2\/rodri\/images\/peru.jpg","continente":"America del Sur","parent_id":3,"destacado":false,"ciudades":["Aysen","Antofagasta","Araucania","Atacama","Bio-Bio","Coquimbo","O'Higgins","Los Lagos","Magallanes y la Antartica Chilena","Maule","Santiago Region Metropolitana","Tarapaca","Valparaiso"]},{"id":22,"nombre":"Japon","precio":"$36000","descripcion":"VISITANDO: Vancouver\/ Hope \/ Kelowna \/ Revelstoke \/ Golden \/ Columbia Ice Field \/ Canmore \/  Banff \/ Calgar. Incluye: vuelo por American Airlines (Clase turista).","descripcion_details":["Japon A\u00e9reos ES\/FE\/ES","04 Noches de alojamiento con r\u00e9gimen seg\u00fan elecci\u00f3n.","Traslados In \/ Out","City Tour","Notas: A\u00c9REOS NETOS NO COMISONABLES.","Consulte a su ejecutivo de ventas por asistencia al viajero."],"url":"..\/..\/..\/pw2\/rodri\/images\/canada.jpg","continente":"Asia","parent_id":4,"destacado":true,"ciudades":["Aichi","Akita","Aomori","Chiba","Ehime","Fukui","Fukuoka","Fukushima","Gifu","Gumma","Hiroshima","Hokkaido","Hyogo","Ibaraki","Ishikawa","Iwate","Kagawa","Kagoshima","Kanagawa","Kochi","Kumamoto","Kyoto","Mie","Miyagi","Miyazaki","Nagano","Nagasaki","Nara","Niigata","Oita","Okayama","Okinawa","Osaka","Saga","Saitama","Shiga","Shimane","Shizuoka","Tochigi","Tokushima","Tokyo","Tottori","Toyama","Wakayama","Yamagata","Yamaguchi","Yamanashi"]},{"id":23,"nombre":"Corea del Sur","precio":"$36000","descripcion":"VISITANDO: Vancouver\/ Hope \/ Kelowna \/ Revelstoke \/ Golden \/ Columbia Ice Field \/ Canmore \/  Banff \/ Calgar. Incluye: vuelo por American Airlines (Clase turista).","descripcion_details":["Corea del Sur A\u00e9reos ES\/FE\/ES","04 Noches de alojamiento con r\u00e9gimen seg\u00fan elecci\u00f3n.","Traslados In \/ Out","City Tour","Notas: A\u00c9REOS NETOS NO COMISONABLES.","Consulte a su ejecutivo de ventas por asistencia al viajero."],"url":"..\/..\/..\/pw2\/rodri\/images\/canada.jpg","continente":"Asia","parent_id":4,"destacado":false,"ciudades":["Seoul","Busan City","Daegu City","Incheon City","Gwangju City","Daejeon City","Ulsan","Gyeonggi Province","Gangwon Province","North Chungcheong Province","South Chungcheong Province","North Jeolla Province","South Jeolla Province","North Gyeongsang Province","South Gyeongsang Province","Jeju"]},{"id":24,"nombre":"China","precio":"$36000","descripcion":"VISITANDO: Vancouver\/ Hope \/ Kelowna \/ Revelstoke \/ Golden \/ Columbia Ice Field \/ Canmore \/  Banff \/ Calgar. Incluye: vuelo por American Airlines (Clase turista).","descripcion_details":["China A\u00e9reos ES\/FE\/ES","04 Noches de alojamiento con r\u00e9gimen seg\u00fan elecci\u00f3n.","Traslados In \/ Out","City Tour","Notas: A\u00c9REOS NETOS NO COMISONABLES.","Consulte a su ejecutivo de ventas por asistencia al viajero."],"url":"..\/..\/..\/pw2\/rodri\/images\/canada.jpg","continente":"Asia","parent_id":4,"destacado":true,"ciudades":["Anhui","Fujian","Gansu","Guangdong","Guizhou","Hainan","Hebei","Heilongjiang","Henan","Hubei","Hunan","Jiangsu","Jiangxi","Jilin","Liaoning","Qinghai","Shaanxi","Shandong","Shanxi","Sichuan","Yunnan","Zhejiang","Guangxi","Nei Mongol","Ningxia","Xinjiang","Xizang (Tibet)","Beijing","Chongqing","Shanghai","Tianjin"]},{"id":25,"nombre":"India","precio":"$36000","descripcion":"VISITANDO: Vancouver\/ Hope \/ Kelowna \/ Revelstoke \/ Golden \/ Columbia Ice Field \/ Canmore \/  Banff \/ Calgar. Incluye: vuelo por American Airlines (Clase turista).","descripcion_details":["India A\u00e9reos ES\/FE\/ES","04 Noches de alojamiento con r\u00e9gimen seg\u00fan elecci\u00f3n.","Traslados In \/ Out","City Tour","Notas: A\u00c9REOS NETOS NO COMISONABLES.","Consulte a su ejecutivo de ventas por asistencia al viajero."],"url":"..\/..\/..\/pw2\/rodri\/images\/canada.jpg","continente":"Asia","parent_id":4,"destacado":false,"ciudades":["Andaman and Nicobar Islands","Andhra Pradesh","Arunachal Pradesh","Assam","Bihar","Chandigarh","Chhattisgarh","Dadra and Nagar Haveli","Daman and Diu","Delhi","Goa","Gujarat","Haryana","Himachal Pradesh","Jammu and Kashmir","Jharkhand","Karnataka","Kerala","Lakshadweep","Madhya Pradesh","Maharashtra","Manipur","Meghalaya","Mizoram","Nagaland","Orissa","Pondicherry","Punjab","Rajasthan","Sikkim","Tamil Nadu","Tripura","Uttaranchal","Uttar Pradesh","West Bengal"]},{"id":26,"nombre":"Egipto","precio":"$36000","descripcion":"VISITANDO: Vancouver\/ Hope \/ Kelowna \/ Revelstoke \/ Golden \/ Columbia Ice Field \/ Canmore \/  Banff \/ Calgar. Incluye: vuelo por American Airlines (Clase turista).","descripcion_details":["Egipto A\u00e9reos ES\/FE\/ES","04 Noches de alojamiento con r\u00e9gimen seg\u00fan elecci\u00f3n.","Traslados In \/ Out","City Tour","Notas: A\u00c9REOS NETOS NO COMISONABLES.","Consulte a su ejecutivo de ventas por asistencia al viajero."],"url":"..\/..\/..\/pw2\/rodri\/images\/canada.jpg","continente":"Africa","parent_id":5,"destacado":true,"ciudades":["Ad Daqahliyah","Al Bahr al Ahmar","Al Buhayrah","Al Fayyum","Al Gharbiyah","Al Iskandariyah","Al Isma'iliyah","Al Jizah","Al Minufiyah","Al Minya","Al Qahirah","Al Qalyubiyah","Al Wadi al Jadid","Ash Sharqiyah","As Suways","Aswan","Asyut","Bani Suwayf","Bur Sa'id","Dumyat","Janub Sina'","Kafr ash Shaykh","Matruh","Qina","Shamal Sina'","Suhaj"]},{"id":27,"nombre":"Nigeria","precio":"$36000","descripcion":"VISITANDO: Vancouver\/ Hope \/ Kelowna \/ Revelstoke \/ Golden \/ Columbia Ice Field \/ Canmore \/  Banff \/ Calgar. Incluye: vuelo por American Airlines (Clase turista).","descripcion_details":["Nigeria A\u00e9reos ES\/FE\/ES","04 Noches de alojamiento con r\u00e9gimen seg\u00fan elecci\u00f3n.","Traslados In \/ Out","City Tour","Notas: A\u00c9REOS NETOS NO COMISONABLES.","Consulte a su ejecutivo de ventas por asistencia al viajero."],"url":"..\/..\/..\/pw2\/rodri\/images\/canada.jpg","continente":"Africa","parent_id":5,"destacado":false,"ciudades":["Abia","Abuja Federal Capital","Adamawa","Akwa Ibom","Anambra","Bauchi","Bayelsa","Benue","Borno","Cross River","Delta","Ebonyi","Edo","Ekiti","Enugu","Gombe","Imo","Jigawa","Kaduna","Kano","Katsina","Kebbi","Kogi","Kwara","Lagos","Nassarawa","Niger","Ogun","Ondo","Osun","Oyo","Plateau","Rivers","Sokoto","Taraba","Yobe","Zamfara"]},{"id":28,"nombre":"Argelia","precio":"$36000","descripcion":"VISITANDO: Vancouver\/ Hope \/ Kelowna \/ Revelstoke \/ Golden \/ Columbia Ice Field \/ Canmore \/  Banff \/ Calgar. Incluye: vuelo por American Airlines (Clase turista).","descripcion_details":["Argelia A\u00e9reos ES\/FE\/ES","04 Noches de alojamiento con r\u00e9gimen seg\u00fan elecci\u00f3n.","Traslados In \/ Out","City Tour","Notas: A\u00c9REOS NETOS NO COMISONABLES.","Consulte a su ejecutivo de ventas por asistencia al viajero."],"url":"..\/..\/..\/pw2\/rodri\/images\/canada.jpg","continente":"Africa","parent_id":5,"destacado":true,"ciudades":["Adrar","Ain Defla","Ain Temouchent","Alger","Annaba","Batna","Bechar","Bejaia","Biskra","Blida","Bordj Bou Arreridj","Bouira","Boumerdes","Chlef","Constantine","Djelfa","El Bayadh","El Oued","El Tarf","Ghardaia","Guelma","Illizi","Jijel","Khenchela","Laghouat","Muaskar","Medea","Mila","Mostaganem","M'Sila","Naama","Oran","Ouargla","Oum el Bouaghi","Relizane","Saida","Setif","Sidi Bel Abbes","Skikda","Souk Ahras","Tamanghasset","Tebessa","Tiaret","Tindouf","Tipaza","Tissemsilt","Tizi Ouzou","Tlemcen"]},{"id":29,"nombre":"Australia","precio":"$36000","descripcion":"VISITANDO: Vancouver\/ Hope \/ Kelowna \/ Revelstoke \/ Golden \/ Columbia Ice Field \/ Canmore \/  Banff \/ Calgar. Incluye: vuelo por American Airlines (Clase turista).","descripcion_details":["Australia A\u00e9reos ES\/FE\/ES","04 Noches de alojamiento con r\u00e9gimen seg\u00fan elecci\u00f3n.","Traslados In \/ Out","City Tour","Notas: A\u00c9REOS NETOS NO COMISONABLES.","Consulte a su ejecutivo de ventas por asistencia al viajero."],"url":"..\/..\/..\/pw2\/rodri\/images\/canada.jpg","continente":"Australia","parent_id":6,"destacado":false,"ciudades":["ciudad1"]}]